{"cameraMode":{"drawMode":2,"name":"Shaded Wireframe","section":"Shading Mode"},"sceneLighting":true,"audioPlay":false,"sceneViewState":{"showFog":true,"showMaterialUpdate":false,"showSkybox":false,"showFlares":true,"showImageEffects":true,"showParticleSystems":true},"in2DMode":false,"pivot":{"x":10.958123207092286,"y":6.501468658447266,"z":1.5343093872070313},"rotation":{"x":0.09957399219274521,"y":0.7279720306396484,"z":-0.10824614018201828,"w":0.6696451306343079},"size":4.715207576751709,"orthographic":false}