{"cameraMode":{"drawMode":2,"name":"Shaded Wireframe","section":"Shading Mode"},"sceneLighting":true,"audioPlay":false,"sceneViewState":{"showFog":true,"showMaterialUpdate":false,"showSkybox":false,"showFlares":true,"showImageEffects":true,"showParticleSystems":true},"in2DMode":false,"pivot":{"x":13.83562183380127,"y":3.3717546463012697,"z":-5.366355895996094},"rotation":{"x":0.35347849130630495,"y":0.032270219177007678,"z":-0.01220172829926014,"w":0.9348062872886658},"size":10.409701347351075,"orthographic":false}