{"cameraMode":{"drawMode":2,"name":"Shaded Wireframe","section":"Shading Mode"},"sceneLighting":true,"audioPlay":false,"sceneViewState":{"showFog":true,"showMaterialUpdate":false,"showSkybox":false,"showFlares":true,"showImageEffects":true,"showParticleSystems":true},"in2DMode":false,"pivot":{"x":7.64399528503418,"y":6.9649457931518559,"z":-3.4938042163848879},"rotation":{"x":-0.020005904138088228,"y":-0.9682646989822388,"z":-0.08238965272903443,"w":0.23510687053203584},"size":1.0606346130371094,"orthographic":false}