{"cameraMode":{"drawMode":2,"name":"Shaded Wireframe","section":"Shading Mode"},"sceneLighting":true,"audioPlay":false,"sceneViewState":{"showFog":true,"showMaterialUpdate":false,"showSkybox":false,"showFlares":true,"showImageEffects":true,"showParticleSystems":true},"in2DMode":false,"pivot":{"x":6.964423656463623,"y":6.5047993659973148,"z":-1.2906866073608399},"rotation":{"x":0.0948309600353241,"y":-0.054021455347537997,"z":0.005154403857886791,"w":0.9940131902694702},"size":6.139366626739502,"orthographic":false}