{"cameraMode":{"drawMode":2,"name":"Shaded Wireframe","section":"Shading Mode"},"sceneLighting":true,"audioPlay":false,"sceneViewState":{"showFog":true,"showMaterialUpdate":false,"showSkybox":false,"showFlares":true,"showImageEffects":true,"showParticleSystems":true},"in2DMode":false,"pivot":{"x":6.246705532073975,"y":6.912482738494873,"z":6.521396636962891},"rotation":{"x":0.10240640491247177,"y":-0.023267649114131929,"z":0.0023966217413544657,"w":0.9944676756858826},"size":5.842890739440918,"orthographic":false}