{"cameraMode":{"drawMode":2,"name":"Shaded Wireframe","section":"Shading Mode"},"sceneLighting":true,"audioPlay":false,"sceneViewState":{"showFog":true,"showMaterialUpdate":false,"showSkybox":false,"showFlares":true,"showImageEffects":true,"showParticleSystems":true},"in2DMode":false,"pivot":{"x":9.630377769470215,"y":7.5385518074035648,"z":3.8129723072052},"rotation":{"x":-0.4042794704437256,"y":-0.41387876868247988,"z":0.21248027682304383,"w":-0.7874736189842224},"size":8.792929649353028,"orthographic":false}